time,yaw_deg
0.9003088474273682,-0.0
0.9808800220489502,-1.4600000000000364
1.220789909362793,21.980000000000018
1.740912675857544,-36.61999999999989
1.8707804679870605,-76.65999999999985
2.0602474212646484,66.90000000000009
2.480584144592285,15.63000000000011
5.591104507446289,14.650000000000091
